id,slot,name,set_id,main_stat,base_value,opt1_rare,opt2_epic,legend_effect,source_hint
EQ01,WPN,파수꾼의 단검,ESET01,atk,20,"공격력 +3%","공격 속도 +4%","모든 스킬 피해 +8%","챕터 1~ 상자"
EQ02,WPN,별빛 활,ESET02,atk,22,"투사체 속도 +10%","투사체 피해 +6%","projectile 스킬 투사체 +1","챕터 3~ 상자"
EQ03,WPN,등불 지팡이,ESET03,atk,20,"beam·field 피해 +6%","지속 +8%","광선·장판이 표식 부여","챕터 8~ 상자"
EQ04,WPN,폭약 망치,ESET04,atk,24,"폭발 반경 +8%","폭발 피해 +6%","폭발 시 10% 확률 2회 폭발","챕터 12~ 상자"
EQ05,WPN,사슬 낫,ESET05,atk,23,"근접·회전 피해 +6%","넉백 +20%","회전형 스킬 반경 +20%","챕터 6~ 상자"
EQ06,WPN,조련사의 피리,ESET06,atk,18,"소환체·펫 피해 +8%","소환체 체력 +15%","소환체 공격 간격 -10%","챕터 15~ 상자"
EQ07,WPN,역병의 낫,ESET07,atk,21,"상태 이상 피해 +8%","상태 이상 지속 +8%","상태 이상 중첩 상한 +1","챕터 19~ 상자"
EQ08,WPN,도박사의 카드,ESET08,atk,25,"치명타 확률 +4%","치명타 피해 +10%","받는 피해 +5%, 치명타 확률 +8%","챕터 22~ 상자"
EQ09,ARM,파수단 외투,ESET01,hp,200,"최대 체력 +3%","방어 +8","받는 피해 -5%","챕터 1~ 상자"
EQ10,ARM,가시 갑옷,ESET02,hp,180,"접촉 시 반격 계수 0.2","방어 +6","반격 계수 0.6, 출혈 부여","챕터 4~ 상자"
EQ11,ARM,빛의 사슬,ESET03,hp,180,"보호막 +3%","보호막 재생 +20%","보호막이 깨질 때 반경 2u 계수 1.0 폭발","챕터 9~ 상자"
EQ12,ARM,그림자 망토,ESET04,hp,160,"회피 +3%","이동 속도 +3%","회피 시 다음 공격 피해 +30%","챕터 13~ 상자"
EQ13,ARM,철벽 흉갑,ESET05,hp,240,"방어 +12","넉백 저항 +50%","접촉 피해 -20%","챕터 7~ 상자"
EQ14,ARM,생명의 갑주,ESET06,hp,200,"재생 +0.3%/s","회복 효과 +8%","체력 30% 이하 시 재생 3배","챕터 14~ 상자"
EQ15,ARM,도금 갑옷,ESET07,hp,170,"금화 획득 +5%","최대 체력 +3%","금화 획득 +15%, 사금 정령 등장 +50%","챕터 15~ 상자"
EQ16,ARM,야수 가죽,ESET08,hp,190,"펫 체력 +10%","펫 부활 시간 -20%","펫 사망 시 플레이어 보호막 20%","챕터 17~ 상자"
EQ17,NCK,등불 펜던트,ESET01,atk,10,"광휘 획득 +8%","고유 능력 재발동 간격 -1s","광휘 100 도달 시 반경 3u 계수 1.0 섬광","챕터 2~ 상자"
EQ18,NCK,별 목걸이,ESET02,atk,9,"경험치 +5%","자석 반경 +10%","레벨업 시 반경 4u 적 계수 1.5 피해","챕터 5~ 상자"
EQ19,NCK,사냥꾼의 이빨,ESET03,atk,11,"엘리트 피해 +8%","엘리트 처치 시 회복 5%","엘리트 표식(받는 피해 +15%)","챕터 9~ 상자"
EQ20,NCK,시계 추,ESET04,atk,10,"쿨다운 -4%","지속 +6%","cooldown 스킬 첫 발동 즉시","챕터 12~ 상자"
EQ21,NCK,얼음 결정 목걸이,ESET05,atk,10,"둔화 효과 +10%","빙결 지속 +20%","둔화된 적에게 피해 +10%","챕터 16~ 상자"
EQ22,NCK,피의 목걸이,ESET06,atk,11,"흡혈 +1%","흡혈 상한 +1%","체력 50% 이하 시 흡혈 2배","챕터 18~ 상자"
EQ23,NCK,폭풍의 눈,ESET07,atk,10,"연쇄 +1","감전 피해 +10%","감전 적 사망 시 소형 방전","챕터 20~ 상자"
EQ24,NCK,왕관 파편,ESET08,atk,12,"보스 피해 +6%","보스 패턴 예고 +0.2s","보스 피해 +15%","챕터 24~ 상자"
EQ25,GLV,파수 장갑,ESET01,atk,12,"공격 속도 +3%","공격력 +2%","공격 속도 +8%","챕터 1~ 상자"
EQ26,GLV,투척 장갑,ESET02,atk,13,"투사체 사거리 +10%","투사체 속도 +10%","관통 +1","챕터 5~ 상자"
EQ27,GLV,화염 장갑,ESET03,atk,12,"화상 피해 +10%","화상 지속 +1s","모든 공격 5% 확률 화상","챕터 10~ 상자"
EQ28,GLV,서리 장갑,ESET04,atk,12,"둔화 +10%","빙결 확률 +3%","모든 공격 3% 빙결","챕터 13~ 상자"
EQ29,GLV,강철 너클,ESET05,atk,14,"근접 피해 +6%","넉백 +25%","근접 공격이 넉백 시 추가 계수 0.3","챕터 8~ 상자"
EQ30,GLV,정밀 장갑,ESET06,atk,12,"치명타 확률 +3%","치명타 피해 +8%","치명타 시 적 방어 무시","챕터 16~ 상자"
EQ31,GLV,조종 장갑,ESET07,atk,11,"소환체 피해 +6%","소환체 사거리 +15%","소환체 치명타 가능(플레이어 치명타 확률 적용)","챕터 19~ 상자"
EQ32,GLV,도둑 장갑,ESET08,atk,11,"회복 아이템 드롭 +20%","금화 +5%","엘리트 처치 시 부품 코어 1 드롭 10%","챕터 23~ 상자"
EQ33,BLT,파수 벨트,ESET01,hp,120,"최대 체력 +2%","방어 +4","받는 피해 -3%, 최대 체력 +5%","챕터 2~ 상자"
EQ34,BLT,탄약 벨트,ESET02,hp,100,"투사체 크기 +8%","투사체 피해 +3%","projectile 스킬 투사체 +1(P03과 합산 상한 적용)","챕터 6~ 상자"
EQ35,BLT,약초 주머니,ESET03,hp,110,"회복 아이템 효과 +20%","회복 아이템 드롭 +10%","회복 아이템 획득 시 보호막 10%","챕터 11~ 상자"
EQ36,BLT,무거운 벨트,ESET04,hp,140,"넉백 저항 +30%","접촉 피해 -8%","적 돌진 피해 -30%","챕터 14~ 상자"
EQ37,BLT,지뢰 벨트,ESET05,hp,110,"trap·stationary 스킬 피해 +8%","설치 상한 +2","설치물이 적 투사체를 막음","챕터 17~ 상자"
EQ38,BLT,부적 벨트,ESET06,hp,120,"부활 시 체력 +10%","부활 무적 +1s","판당 부활 +1(상한 2 적용)","챕터 21~ 상자"
EQ39,BLT,축전 벨트,ESET07,hp,110,"광휘 획득 +6%","고유 능력 효과 +10%","고유 능력 발동 시 보호막 15%","챕터 22~ 상자"
EQ40,BLT,시간의 벨트,ESET08,hp,110,"지속 +6%","쿨다운 -3%","지속형 효과 종료 시 반경 2u 계수 0.8 폭발","챕터 25~ 상자"
EQ41,BTS,파수 장화,ESET01,hp,80,"이동 속도 +3%","최대 체력 +2%","이동 속도 +8%","챕터 1~ 상자"
EQ42,BTS,바람 장화,ESET02,hp,70,"이동 속도 +4%","회피 +2%","이동 중 회피 +5%","챕터 4~ 상자"
EQ43,BTS,무쇠 장화,ESET03,hp,100,"둔화 저항 +30%","넉백 저항 +20%","둔화·속박 면역","챕터 10~ 상자"
EQ44,BTS,황혼 장화,ESET04,hp,80,"어둠 지대 이동 속도 +8%","어둠 지대 보석 +10%","어둠 지대에서 시야 감소 무효","챕터 13~ 상자"
EQ45,BTS,불꽃 장화,ESET05,hp,80,"이동 궤적 화염(계수 0.1/0.5s)","화상 +5%","궤적 화염 폭 2배","챕터 18~ 상자"
EQ46,BTS,자석 장화,ESET06,hp,75,"자석 반경 +15%","보석 흡수 속도 +50%","보석 흡수 시 1% 확률 광휘 +10","챕터 7~ 상자"
EQ47,BTS,그림자 장화,ESET07,hp,80,"피격 후 2s 이동 속도 +15%","회피 +2%","피격 후 1s 무적(쿨다운 20s)","챕터 20~ 상자"
EQ48,BTS,등반가 장화,ESET08,hp,90,"위험 구역 피해 -20%","낙하 피해 -30%","위험 구역·가장자리 피해 -50%","챕터 21~ 상자"
