id,branch,tier,name,type,effect_per_rank,max_rank,cost_tp,cost_gold,prereq,unlock_cond
TA01,공격,1,날카로운 등불,stat,"공격력 +1%",5,1,500,-,챕터 3
TA02,공격,1,빠른 손,stat,"공격 속도 +1%",5,1,500,-,챕터 3
TA03,공격,1,넓은 시야,stat,"범위 +1%",5,1,500,-,챕터 3
TA04,공격,1,정확한 눈,stat,"치명타 확률 +1%",3,1,500,-,챕터 3
TA05,공격,2,관통의 이해,stat,"projectile 스킬 피해 +2%",5,2,1500,TA01,챕터 6
TA06,공격,2,폭발의 이해,stat,"explosion 스킬 피해 +2%",5,2,1500,TA01,챕터 6
TA07,공격,2,근접의 이해,stat,"melee·orbit 스킬 피해 +2%",5,2,1500,TA02,챕터 6
TA08,공격,2,소환의 이해,stat,"summon 스킬 피해 +2%",5,2,1500,TA03,챕터 6
TA09,공격,3,광선의 이해,stat,"beam·field 스킬 피해 +2%",5,2,3000,TA05|TA06,챕터 10
TA10,공격,3,역병의 이해,stat,"상태 이상 피해 +3%",5,2,3000,TA07|TA08,챕터 10
TA11,공격,3,치명적 일격,stat,"치명타 피해 +5%",4,2,3000,TA04,챕터 10
TA12,공격,3,추가 탄환,util,"projectile 스킬 투사체 +1(랭크 1만, 상한 적용)",1,4,6000,TA05,챕터 12
TA13,공격,4,엘리트 사냥,stat,"엘리트 피해 +3%",5,3,6000,TA09|TA10|TA11,챕터 15
TA14,공격,4,보스 사냥,stat,"보스 피해 +2%",5,3,6000,TA11,챕터 15
TA15,공격,4,연쇄 반응,rule,"적 처치 시 3% 확률 반경 1u 계수 0.5 폭발",3,3,6000,TA06,챕터 15
TA16,공격,4,진화 가속,rule,"진화 짝 패시브 요구 Lv2→Lv1",1,5,10000,TA12,챕터 18
TA17,공격,5,쿨다운 숙련,stat,"cooldown 스킬 간격 -2%",5,3,10000,TA13|TA14,챕터 20
TA18,공격,5,넉백 숙련,stat,"넉백 +10%",3,3,10000,TA15,챕터 20
TA19,공격,5,어둠 사냥꾼,rule,"어둠 지대에서 피해 +4%",5,3,10000,TA13,챕터 22
TA20,공격,5,표식 숙련,rule,"표식 배율 +0.05",4,3,10000,TA16,챕터 22
TA21,공격,6,무기 숙련,stat,"기본 무기(슬롯 1) 피해 +5%",5,4,15000,TA17|TA18,챕터 28
TA22,공격,6,과부하,rule,"광휘 100 도달 시 5s 동안 피해 +15%",3,4,15000,TA19,챕터 28
TA23,공격,6,두 번째 진화,rule,"판당 진화 카드 가중치 ×3→×4",1,5,20000,TA20,챕터 30
TA24,공격,6,융합 연구,rule,"융합 조건: 재료 스킬 Lv5→Lv4",1,6,20000,TA23,챕터 32
TA25,공격,7,황혼의 칼날,stat,"모든 피해 +3%",5,5,30000,TA21|TA22,챕터 40
TA26,공격,7,처형자,rule,"체력 10% 이하 일반 적 즉사(보스·엘리트 제외)",1,6,30000,TA25,챕터 42
TA27,공격,7,완벽한 진화,rule,"진화 후 Lv2 강화가 즉시 적용",1,8,40000,TA24,챕터 45
TA28,공격,7,군주 사냥꾼,rule,"보스 최종 단계에서 피해 +10%",1,8,40000,TA26,챕터 50
TB01,생존,1,단단한 몸,stat,"최대 체력 +1%",5,1,500,-,챕터 3
TB02,생존,1,두꺼운 피부,stat,"방어 +3",5,1,500,-,챕터 3
TB03,생존,1,빠른 발,stat,"이동 속도 +1%",5,1,500,-,챕터 3
TB04,생존,1,넓은 주머니,stat,"자석 반경 +5%",3,1,500,-,챕터 3
TB05,생존,2,자연 회복,stat,"재생 +0.1%/s",5,2,1500,TB01,챕터 6
TB06,생존,2,보호의 빛,stat,"보호막 +1%",5,2,1500,TB02,챕터 6
TB07,생존,2,회피 본능,stat,"회피 +1%",5,2,1500,TB03,챕터 6
TB08,생존,2,접촉 저항,stat,"접촉 피해 -2%",5,2,1500,TB01|TB02,챕터 6
TB09,생존,3,흡혈 기초,stat,"흡혈 +0.5%",4,2,3000,TB05,챕터 10
TB10,생존,3,둔화 저항,stat,"둔화·속박 지속 -10%",3,2,3000,TB07,챕터 10
TB11,생존,3,넉백 저항,stat,"넉백 저항 +15%",3,2,3000,TB08,챕터 10
TB12,생존,3,두 번째 기회,rule,"판당 부활 +1(상한 2)",1,5,6000,TB06,챕터 12
TB13,생존,4,회복 숙련,stat,"회복 효과 +3%",5,3,6000,TB09,챕터 15
TB14,생존,4,보호막 재생,stat,"보호막 재생 대기 -0.5s",4,3,6000,TB06,챕터 15
TB15,생존,4,위험 구역 적응,rule,"위험 구역·가장자리 피해 -10%",3,3,6000,TB10|TB11,챕터 15
TB16,생존,4,봉화의 가호,rule,"봉화 안 회복 +0.2%/s",3,3,6000,TB12,챕터 18
TB17,생존,5,펫 결속,stat,"펫 체력 +10%, 펫 부활 -10%",3,3,10000,TB13,챕터 20
TB18,생존,5,소환체 보호,stat,"소환체 체력 +10%",3,3,10000,TB14,챕터 20
TB19,생존,5,어둠 적응,rule,"어둠 지대 시야 감소 -5%p",3,3,10000,TB15,챕터 22
TB20,생존,5,불굴,rule,"체력 30% 이하 시 받는 피해 -5%",3,3,10000,TB16,챕터 22
TB21,생존,6,철의 의지,stat,"최대 체력 +3%",5,4,15000,TB17|TB18,챕터 28
TB22,생존,6,부활의 불꽃,rule,"부활 시 반경 4u 계수 3.0 폭발 + 넉백",1,4,15000,TB12,챕터 28
TB23,생존,6,정화,rule,"고유 능력 발동 시 자신 상태 이상 해제",1,5,20000,TB19,챕터 30
TB24,생존,6,최후의 방벽,rule,"판당 1회 치명타 피해를 체력 1로 버팀(수집품 CO020과 별개, 합산 상한 2)",1,6,20000,TB20,챕터 32
TB25,생존,7,황혼의 갑주,stat,"받는 피해 -2%",5,5,30000,TB21|TB22,챕터 40
TB26,생존,7,불사의 파수꾼,rule,"부활 후 10s 동안 피해 +20%, 받는 피해 -30%",1,6,30000,TB25,챕터 42
TB27,생존,7,등불의 축복,rule,"봉화 점화 시 최대 체력 30% 즉시 회복",1,8,40000,TB23,챕터 45
TB28,생존,7,군주의 시험 통과,rule,"보스 광폭화 단계 피해 +25%→+15%",1,8,40000,TB24,챕터 50
TC01,편의,1,넉넉한 배낭,util,"금화 획득 +2%",5,1,500,-,챕터 3
TC02,편의,1,빠른 학습,util,"경험치 +2%",5,1,500,-,챕터 3
TC03,편의,1,계정 성장,util,"계정 경험치 +3%",5,1,500,-,챕터 3
TC04,편의,1,넓은 창고,util,"장비 보관 +20칸",5,1,500,-,챕터 3
TC05,편의,2,새로고침 추가,rule,"판당 새로고침 +1(상한 6)",3,3,2000,TC02,챕터 6
TC06,편의,2,제외 추가,rule,"판당 제외 +1(상한 4)",2,3,2000,TC02,챕터 6
TC07,편의,2,잠금 추가,rule,"판당 잠금 +1(상한 2)",1,4,3000,TC05|TC06,챕터 8
TC08,편의,2,에너지 회복,util,"에너지 회복 간격 6분→5.5분(랭크당 -0.1분, 최소 5분)",5,2,1500,TC01,챕터 6
TC09,편의,3,빌드 청사진 강화,rule,"청사진 가중치 ×1.4→×1.5(랭크당 +0.1, 최대 ×1.8)",4,3,4000,TC07,챕터 10
TC10,편의,3,진화 미리보기,util,"레벨업 카드에 진화 결과 툴팁 + 상자 내용 100% 미리보기",1,2,2000,TC07,챕터 10
TC11,편의,3,빠른 전투 해금,util,"별점 3 챕터 빠른 전투 가능(보상 70%)",1,3,5000,TC03,챕터 12
TC12,편의,3,자원 던전 추가,util,"일일 자원 던전 입장 +1",2,4,8000,TC08,챕터 12
TC13,편의,4,프리셋 확장,util,"빌드 프리셋 슬롯 +1(최대 8)",3,2,3000,TC09,챕터 15
TC14,편의,4,일괄 합성,util,"장비·부품·펫 일괄 합성 버튼",1,2,3000,TC04,챕터 15
TC15,편의,4,시간 선택 확장,rule,"속공 모드 보상 계수 0.45→0.5, 표준 0.75→0.8",2,4,8000,TC11,챕터 18
TC16,편의,4,오프라인 확장,util,"오프라인 봉화 수익 상한 +1h(최대 12h)",4,3,6000,TC12,챕터 18
TC17,편의,5,환급 개선,util,"분해 시 골드 환급 90%→95%",1,3,8000,TC14,챕터 20
TC18,편의,5,특성 초기화 할인,util,"특성 초기화 무료 횟수 하루 1→2",1,3,8000,TC13,챕터 20
TC19,편의,5,수집품 중복 보너스,util,"수집품 중복 파편 환급 +20%",3,3,8000,TC16,챕터 22
TC20,편의,5,사금 감지,util,"사금 정령·골드 엘리트 등장 +20%",3,3,8000,TC01,챕터 22
TC21,편의,6,시드 기록,util,"결과 화면 시드 복사 + '같은 판 다시' 무제한",1,2,5000,TC15,챕터 28
TC22,편의,6,전투 분석 확장,util,"시간대별 DPS·피해 원인 그래프 30s→10s 해상도",1,2,5000,TC10,챕터 28
TC23,편의,6,보스 러시 보상,rule,"도전 R18 상자 3회→4회",1,5,15000,TC19,챕터 30
TC24,편의,6,광휘 저장,rule,"판 종료 시 남은 광휘의 10%를 다음 판 시작 광휘로(최대 30)",3,4,12000,TC20,챕터 32
TC25,편의,7,빠른 전투 개선,util,"빠른 전투 보상 70%→80%",1,6,25000,TC21,챕터 40
TC26,편의,7,원정 보급,util,"원정 중 스킬 유지 시 Lv 유지 상한 +1",2,6,25000,TC22,챕터 42
TC27,편의,7,규칙 완화,rule,"도전 규칙 R05(선택지 2)→3 유지(도전 보상 -20%)",1,8,40000,TC23,챕터 45
TC28,편의,7,파수단 결속 확장,util,"결속 Lv 상한 +5",1,8,40000,TC24,챕터 50
