table_id,kind,roll_type,entry,item_ref,weight_or_price,qty,pity_or_limit,notes
RW_EQ_CHEST_N,drop,weighted_choice,일반 장비 상자,EQ:slot_random:grade=일반,70,1,-,"원형은 현재 챕터 이하 source_hint에서 균등"
RW_EQ_CHEST_N,drop,weighted_choice,일반 장비 상자,EQ:slot_random:grade=고급,30,1,-,""
RW_EQ_CHEST_F,drop,weighted_choice,고급 장비 상자,EQ:grade=고급,55,1,-,""
RW_EQ_CHEST_F,drop,weighted_choice,고급 장비 상자,EQ:grade=희귀,40,1,-,""
RW_EQ_CHEST_F,drop,weighted_choice,고급 장비 상자,EQ:grade=영웅,5,1,"20회마다 영웅 확정",""
RW_EQ_CHEST_R,drop,weighted_choice,희귀 장비 상자,EQ:grade=희귀,70,1,-,""
RW_EQ_CHEST_R,drop,weighted_choice,희귀 장비 상자,EQ:grade=영웅,27,1,-,""
RW_EQ_CHEST_R,drop,weighted_choice,희귀 장비 상자,EQ:grade=전설,3,1,"40회마다 전설 확정","합계 100"
RW_EQ_CHEST_E,drop,weighted_choice,영웅 장비 상자,EQ:grade=영웅,80,1,-,""
RW_EQ_CHEST_E,drop,weighted_choice,영웅 장비 상자,EQ:grade=전설,20,1,"10회마다 전설 확정",""
RW_EQ_CHEST_L,drop,guaranteed,전설 장비 상자,EQ:grade=전설,100,1,-,"슬롯 선택 가능. 항목 1개뿐이라 확정 지급"
RW_PART_CHEST,drop,weighted_choice,부품 상자(코어 30),PART:grade=일반,50,1,-,""
RW_PART_CHEST,drop,weighted_choice,부품 상자(코어 30),PART:grade=고급,30,1,-,""
RW_PART_CHEST,drop,weighted_choice,부품 상자(코어 30),PART:grade=희귀,15,1,-,""
RW_PART_CHEST,drop,weighted_choice,부품 상자(코어 30),PART:grade=영웅,5,1,"40회마다 영웅 확정","부품 종류는 24종 균등, '선호 스킬 3개' 지정 시 해당 ×2 가중"
RW_PET_CHEST,drop,weighted_choice,펫 상자(별가루 150),PET:grade=일반,60,1,-,"펫 종류: 상자 획득 가능 8종 균등(PT05/07/11/12 제외)"
RW_PET_CHEST,drop,weighted_choice,펫 상자(별가루 150),PET:grade=고급,30,1,-,""
RW_PET_CHEST,drop,weighted_choice,펫 상자(별가루 150),PET:grade=희귀,9,1,-,""
RW_PET_CHEST,drop,weighted_choice,펫 상자(별가루 150),PET:grade=영웅,1,1,"60회마다 영웅 확정; 10회마다 미보유 펫 확정(미보유 존재 시)",""
RW_COL_CHEST,drop,weighted_choice,수집품 상자(파편 100),COL:rarity=rare,70,1,-,"업적 세트 SET20 제외"
RW_COL_CHEST,drop,weighted_choice,수집품 상자(파편 100),COL:rarity=epic,25,1,-,""
RW_COL_CHEST,drop,weighted_choice,수집품 상자(파편 100),COL:rarity=legend,5,1,"40회마다 전설 확정",""
RW_COL_SET_CHEST,drop,weighted_choice,세트 지정 상자(파편 120),COL:set=chosen:rarity=rare,65,1,-,"지정 세트 5종 중"
RW_COL_SET_CHEST,drop,weighted_choice,세트 지정 상자(파편 120),COL:set=chosen:rarity=epic,28,1,-,""
RW_COL_SET_CHEST,drop,weighted_choice,세트 지정 상자(파편 120),COL:set=chosen:rarity=legend,7,1,"30회마다 전설 확정",""
RW_CH_REPEAT,drop,independent_rolls,챕터 반복 드롭,장비 상자(챕터 구간 등급),@chapters.repeat_reward,1,-,"CH1~10 일반, 11~25 고급, 26~40 희귀, 41~55 영웅, 56~60 영웅+전설 5%. weight_or_price는 확률(%)이며 `@테이블.필드` 표기는 해당 챕터 데이터의 동적 참조. 아래 회복 아이템 행과는 서로 독립적으로 판정(가중치 합 100 검사 대상 아님)"
RW_CH_REPEAT,drop,independent_rolls,챕터 반복 드롭,회복 아이템(판 내),8,-,-,"엘리트 15%, 구조물 8%. 위 장비 상자 행과 독립 판정"
RW_ELITE,drop,independent_rolls,엘리트 드롭,빛의 파편(전량 흡수),10,1,-,"세 행 모두 독립 판정(합 125%는 정상 — 가중치 합 100 검사 제외 테이블)"
RW_ELITE,drop,independent_rolls,엘리트 드롭,회복 아이템,15,1,-,""
RW_ELITE,drop,independent_rolls,엘리트 드롭,금화 주머니(챕터×20),100,1,-,"100% 확정 지급"
RW_SHOP_MEDAL,shop,guaranteed,훈장 상점,C05 인장,600,30,"주 1회",""
RW_SHOP_MEDAL,shop,guaranteed,훈장 상점,인장 선택 상자,300,10,"주 3회",""
RW_SHOP_MEDAL,shop,guaranteed,훈장 상점,부품 상자,120,1,"주 10회",""
RW_SHOP_MEDAL,shop,guaranteed,훈장 상점,강화석,40,1,"주 20회",""
RW_SHOP_MEDAL,shop,guaranteed,훈장 상점,SET03 지정 상자,200,1,"주 5회",""
RW_SHOP_MEDAL,shop,guaranteed,훈장 상점,에너지 30,60,1,"일 2회",""
RW_SHOP_INFINITE,shop,guaranteed,무한 상점(무한 토큰),SET11 지정 상자,40,1,"주 5회",""
RW_SHOP_INFINITE,shop,guaranteed,무한 상점(무한 토큰),공명 코어 묶음(코어 50),30,1,"주 6회",""
RW_SHOP_INFINITE,shop,guaranteed,무한 상점(무한 토큰),C07 인장,20,5,"주 6회(30인장)",""
RW_SHOP_HAZARD,shop,guaranteed,위험 구역 상점(파편),C11 인장,400,30,"1회 후 주 1회 10인장",""
RW_SHOP_HAZARD,shop,guaranteed,위험 구역 상점(파편),PT05 늪 두꺼비,500,1,"1회",""
RW_SHOP_HAZARD,shop,guaranteed,위험 구역 상점(파편),전설 설계도 조각,80,1,"주 10회(30조각 = 전설 상자 1)",""
RW_SHOP_HAZARD,shop,guaranteed,위험 구역 상점(파편),각성석,60,1,"주 10회",""
RW_SHOP_BOSS,shop,guaranteed,보스 점수 상점(훈장),SET07 지정 상자,200,1,"주 5회",""
RW_SHOP_BOSS,shop,guaranteed,보스 점수 상점(훈장),SET16 지정 상자,200,1,"주 5회",""
RW_SHOP_BOSS,shop,guaranteed,보스 점수 상점(훈장),CO010 전설의 활대,1500,1,"시즌 1회",""
RW_SHOP_BOSS,shop,guaranteed,보스 점수 상점(훈장),부품 상자,120,1,"주 10회",""
RW_SHOP_EXPED,shop,guaranteed,원정 상점(원정 토큰),PT12 기계 거미,300,1,"1회",""
RW_SHOP_EXPED,shop,guaranteed,원정 상점(원정 토큰),SET09/18 지정 상자,60,1,"주 6회",""
RW_SHOP_EXPED,shop,guaranteed,원정 상점(원정 토큰),각성석,25,1,"주 10회",""
RW_SHOP_EXPED,shop,guaranteed,원정 상점(원정 토큰),전설 장비 상자(슬롯 선택),800,1,"월 1회",""
RW_SHOP_DUST,shop,guaranteed,별가루 상점,에너지 60,100,1,"일 6회","4회부터 150(1~3회 100)"
RW_SHOP_DUST,shop,guaranteed,별가루 상점,펫 상자,150,1,"무제한",""
RW_SHOP_DUST,shop,guaranteed,별가루 상점,희귀 장비 상자,200,1,"일 5회",""
RW_SHOP_DUST,shop,guaranteed,별가루 상점,부품 코어 30,80,1,"일 5회",""
RW_SHOP_DUST,shop,guaranteed,별가루 상점,수집 파편 50,120,1,"일 5회",""
RW_SHOP_DUST,shop,guaranteed,별가루 상점,자원 던전 티켓,90,1,"일 1회",""
RW_SHOP_DUST,shop,guaranteed,별가루 상점,특성 초기화,200,1,"무료 소진 후",""
RW_EV_BOARD,shop,guaranteed,탐사 보드 교환소(주사위),한정 수집품(이벤트 지정),120,1,"1회",""
RW_EV_BOARD,shop,guaranteed,탐사 보드 교환소(주사위),인장 선택 상자,30,10,"5회",""
RW_EV_BOARD,shop,guaranteed,탐사 보드 교환소(주사위),영웅 장비 상자,25,1,"5회",""
RW_EV_EXPED,shop,guaranteed,분기형 원정 교환소(지도 조각),각성석,4,1,"20회",""
RW_EV_EXPED,shop,guaranteed,분기형 원정 교환소(지도 조각),SET18 지정 상자,10,1,"5회",""
RW_EV_HUNT,shop,guaranteed,표적 보스 사냥 교환소(표식),보스 전용 수집품,800,1,"1회",""
RW_EV_HUNT,shop,guaranteed,표적 보스 사냥 교환소(표식),부품 상자,150,1,"10회",""
RW_EV_FORT,shop,guaranteed,방어 거점 교환소(보급품),한정 펫(이벤트 지정),600,1,"1회",""
RW_EV_FORT,shop,guaranteed,방어 거점 교환소(보급품),강화석,30,1,"20회",""
RW_EV_INGR,shop,guaranteed,재료 조합 교환소(조합 결과),SET14/19 지정 상자,1,1,"조합 결과물 '축제 상자' 1개당",""
RW_EV_TALLY,shop,guaranteed,누적 목표 보상(단계),단계 1~5,-,-,"100/300/600/1000/1500 기여도","보상: 금화 5000 / 부품 상자 2 / 인장 선택 30 / 영웅 장비 상자 / 한정 수집품"
